slug	dimension	key	minted	status	replaced_by	content_sha256	modified
bende	count	bende	2026-09-29	active		645e2c145bc4a956cb326b11e1f5820704016303fde5cbb8619ff76f0398218d	2026-09-29
cast	count	cast	2026-09-29	active		c45bb4fceefe10f446073ac041cef998383ed4e047635af162d76934a0fdc59c	2026-09-29
couple	count	couple	2026-09-29	active		c48fdf6e00f3410566a2df3e16c4761d50cb1e83114d2434a669c4c1bd91ce45	2026-10-03
dicker	count	dicker	2026-09-29	active		51be19508f3ba840fe2a0d17234a69ee90fd9cdc21368386851e11d06bf4e54b	2026-10-03
dozen	count	dozen	2026-09-29	active		23e3ffecc5b979e2e94fcd80f402eabc58edd71cc45f2130e4db173b262eaebe	2026-10-03
each	count	hector:each	2026-09-29	active		70611a6b419e80409a3646cefcd269f826974607f0cdcdebc1686c25db02f5b4	2026-09-29
flock	count	bor:flock	2026-09-29	active		0f79280b59b4866a968caf48d0245156ca611cd4dbd4282b32dbc30f67fc66d1	2026-09-29
garba	count	garba	2026-09-29	active		f06683fa50c0c167b569c45db34f8adbd327a997bd8c4d6e4b045e8a782dab81	2026-09-29
gross	count	gross	2026-09-29	active		4ba62a97c6c18efaa5c872e191f7c7d29296a341b05806f829d28c6044d29564	2026-10-03
hundred	count	bor:hundred	2026-09-29	active		2bc07e87bf0a115c9c5bc246aea8cf18a21ae3eb34f99e51c86c3d48055293fb	2026-09-29
kip	count	kip	2026-09-29	active		28ef2b135afc5e21bb113d2a6988d8a63d603f149b6006b2d532728d6824662b	2026-10-03
mark	count	mark	2026-09-29	active		ffdf45cfb8502c8dfc6580ace547ac376f9ede52584df489aa683320e3b5358b	2026-10-03
nest	count	nest	2026-09-29	active		1a79fb83ae8a09d124117c9d528b274adcaa502e57e4f70f081a0f57229e49a7	2026-10-03
pair	count	pair	2026-09-29	active		9be0ec4c2ff9e967b8b8ca80e121b1bb4062490fa2fc8ef85c7b7a3ea1e39098	2026-10-03
pane	count	pane	2026-09-29	active		e88051d235f779a80ab7ae8362457b1d6aa9b564bd2ce1cd6129a839c30a38a1	2026-09-29
quire	count	quire	2026-09-29	active		46250c6af2992330fe49585388de5fccf5cc11e4d4db07777fc1fdc4fb8f8b93	2026-09-29
ream	count	ream	2026-09-29	active		554833aff70368f20584896f1e19e945c00ad2fedaa265e085f6b042e9e2de6d	2026-10-03
score	count	bor:score	2026-09-29	active		237e9f1b5c12b246ea546760dd51685b1411f8e1cf265d046732ef1fd7053028	2026-09-29
set	count	set	2026-09-29	active		b50fa5e05fca3c081123c926e4ed083b429ec7ff4e602a892bbda1a3ad3eb02c	2026-10-03
sheaf	count	sheaf	2026-09-29	active		f581d4ea418ae7d3fa58bc9882d5aa4570c713e8256f3eb991921e669aebb0ed	2026-10-03
shock	count	shock	2026-09-29	active		03c252d31ddce77fc44dffa50beb429fa54a086b9486287deaefa7cede8df044	2026-10-03
skive	count	skive	2026-09-29	active		4d0b10bfdb9590d108dfaf5ac6cdeb65bf1518fd01d7a7b7627e50fe56d7ab4a	2026-10-03
suma	count	suma	2026-09-29	active		9afc62542e2813b65da10e186e75b10d83187f16c2a02b750cd0db0500eff454	2026-10-03
tale	count	tale	2026-09-29	active		bd28cd2ee2c03bd9ff4ee7cd872a976bd0a57461ac0683d294802fa84a6cbf69	2026-10-03
thousand	count	bor:thousand	2026-09-29	active		590a8b2ac8e9f19d2f1cad909ed5bb3be37513b5f73f3b453fa2436200744561	2026-09-29
timber	count	timber	2026-09-29	active		eff5c948621db05e2456f82472a1fb65ea2be1561c3729de95dc9b33bb1afe02	2026-10-03
warpe	count	warpe	2026-09-29	active		2b460aef462f0cc071676d60df378574c2c467c1ddce26cafa9e8e53868cc843	2026-09-29
aune	length	aune_2	2026-09-29	active		d6b6a907900faa33c7be4540f9d01514a55a06a2b394ccfe5b24d36e2c3ff0ba	2026-09-29
bracium	length	bracium	2026-09-29	active		23bf5743eef3e2905ba29558a4944686450221c2914697d6262175620db36968	2026-09-29
brasa	length	brasa	2026-09-29	active		5b9ca6b77a2f6fbb90b740dab5b3b73891956c24ce5380fdcfe073d2f8ae905b	2026-09-29
cloth	length	bor:cloth	2026-09-29	active		f734ffc4f9fa8e898d4cbab2d3a0f5693bf9a2d042b97041c6794edaa7647867	2026-09-29
ell	length	ell	2026-09-29	active		7472859ded3f407835fc67e1712376e802875b6665849b9e6778fc61ae3defd0	2026-10-03
fathom	length	fathom	2026-09-29	active		1a453cd870a1d804111d39c014bdcedfa4350e3d0dea420669d1b5399c92ba2f	2026-09-29
foot	length	foot	2026-09-29	active		c7744fa278470a5d124c824614e8085d0c89b31b072f88d152ef33780d0aedf4	2026-09-29
gode	length	gode	2026-09-29	active		5c292a228e2319e22da793dd2fdd8e8e80cf0dc5307b166e01fa9770f28a580d	2026-10-03
virga	length	virga	2026-09-29	active		54846dc3c26a782d675a9180675611afd10ae15e7a1ac48491ee872104c320e1	2026-10-03
yard	length	yard	2026-09-29	active		0ddee5c49a1b96476551af071ab1dd61717a827b95d8a6031226cd2f595cc8aa	2026-10-03
bar	mass	bar	2026-09-29	active		cde3a0d0f43e79d694737d5c9ebe1716ac9b3b56ce0ed99e396d0633ad68e366	2026-10-03
cantar	mass	cantar	2026-09-29	active		0efbc4bf45ba33c5bcfdd538e02cdf5995df979744853fb98397772cf7277cd6	2026-09-29
clove	mass	clove	2026-09-29	active		a31431be5c3db6f9f58edee1f19fccd56f1776641ce360356ffa924a57805378	2026-10-03
fother	mass	fother	2026-09-29	active		7144b9c21b01c657fe2aeb7aba23cf367e25d16a33570edf66b9144f500221e7	2026-09-29
hundredweight	mass	hundredweight	2026-09-29	active		41ae70ffe8688412283d8368234b7420da59a9e8d20ff29beb0e71780f834636	2026-10-03
libri-de-venis	mass	libri de venis	2026-09-29	active		4fa3cb8e57fe9cf9e6526009844bdd242c46fe5046a6ba616ffca259a3ee64e6	2026-09-29
lucepond	mass	lucepond	2026-09-29	active		494e3198b0e62efec03aa6a8820b5c98a143059b792c4a7f52b90beaba40a3f9	2026-09-29
mais	mass	mais	2026-09-29	active		638051ede4b0b8e936ef6b7f320e34ca4b1e885249722d3835f6e82f6a2e095b	2026-10-03
mark-2	mass	mark_2	2026-09-29	active		6cfa95994e57328a49a1cd11b522d37b64cffbbec8e747a5aa5f69027d33be42	2026-09-29
mast	mass	mast	2026-09-29	active		e7071d19ada16eb4f08ef66d373cb99d42cb42825d57a439713222d994cf901a	2026-09-29
mece	mass	mece	2026-09-29	active		fde1a27019774b79f1dafd800370c2a030747eb3b10d3d32cbb6b98d8036100c	2026-09-29
ounce	mass	ounce	2026-09-29	active		fc32ee661f442be1ecbbb5345840efc6712c52adf1f9b8aee2bfb7caf299d452	2026-09-29
pipe-weight	mass	pipe (weight)	2026-09-29	active		854a440ce6ff65128ebf1fed3e59e640c16f0df5a501730e0aaeb3de82fcc49d	2026-10-03
poiz	mass	poiz	2026-09-29	active		204946f849d13e4390bd1cb93c7e4b0461ce50a77589a305dbb186c0f3b1c206	2026-09-29
pondus	mass	pondus	2026-09-29	active		b28c494b339c7e60be030113dbd3dcbbcf19af0693bf133c3d7da3a222eab0d4	2026-09-29
pound	mass	pound	2026-09-29	active		a4276c73725d5a693b370d384b91979f52d1b6872737bc0aa55427a81de60214	2026-10-03
quintal	mass	quintal	2026-09-29	active		ef2aa370e719f98289a94afd46bb01b692420c5417fa4eed701fcac47a80d7ed	2026-10-03
roba	mass	roba	2026-09-29	active		e51cd5fe07ee794ed9867fb6946c0340dd3f9f06994bf45eba6329cadfe829e5	2026-10-03
sack	mass	sack	2026-09-29	active		a750e6ddb38933626185a75894ef7de7b939c37079e5539a83dfbf26b945b6c7	2026-10-03
schippond	mass	schippond	2026-09-29	active		6f686dc3a18524970e14ce767d824460218d52b7a8f8a5156cffcc61ef083e3a	2026-09-29
ston	mass	ston	2026-09-29	active		d5503a43b3527f7b6c62d8180a09666b2465e99acdac906503e56f907e98c08e	2026-09-29
stone	mass	stone	2026-09-29	active		32ad4a2e17817483c82b702de34a4f22b1356ca54bfd486db47c329a0eb24e41	2026-10-03
thousandweight	mass	thousandweight_2	2026-09-29	active		aef0aa99813bc96d956144b157216e155d7a4021d354aa59f8a9d1c4b5719d23	2026-10-03
uncia	mass	uncia	2026-09-29	active		65b08251c03750457466287dfeb3546fe96c3de145471b5c2415fd8f85c7a202	2026-10-03
wey	mass	wey	2026-09-29	active		60915d1afc07cf6afeefc98427c53a63f6b14504a4cd963d166d00cab63febb2	2026-10-03
ambry	package	ambry	2026-09-29	active		c299351ca9e3f4465f6eecf880cce395ec453611b3cc4da3004b9fb663a277be	2026-09-29
bag	package	bag	2026-09-29	active		b848e8c356e697d53a6f4a391f2968b48a4367d03171161490006e9e6c286035	2026-10-03
bale	package	bale	2026-09-29	active		529c56999ddbe52786c1ada8d4fbf3556d82c27bb376ad911b8a7d829ca2b920	2026-10-03
balet	package	balet	2026-09-29	active		0511398018147592589580ddf04a82d674dc9a62c4647114470826a05e426357	2026-10-03
band	package	bor:band	2026-09-29	active		be2789b9830b29b49a3f8c8bbbd63826e51743c64087bb32357ede206819410f	2026-09-29
basket	package	basket	2026-09-29	active		0597b2d51dbe3a3ece9ac3dfe3287c830a4aa54f3e151adce2516f36a0cd411f	2026-10-03
batella	package	batella	2026-09-29	active		2998f2ec7ce8d62c6bc26d6fe35144920e825f5a4a6040f9071a81b290000bfb	2026-10-03
becyne	package	becyne	2026-09-29	active		a4deb0f2e5503b697fc4d1d44629b06fa9c5697d2e286e4d9a41076c1b753c31	2026-09-29
block	package	block	2026-09-29	active		cb6acd89e65b5b1dda5144675f251a5c9a3d6a3cde31004d122f9cf27f11c960	2026-10-03
blotto	package	blotto	2026-09-29	active		b41a3e1f6e1ef7aec00d3177afbb8434743491001acdfb1961dc17afff64289d	2026-09-29
boget	package	boget	2026-09-29	active		317f966abb609738854fa5094ef4f30eaafa18dee86f10482bfdec660dc0c3f3	2026-09-29
bolt	package	bolt_3	2026-09-29	active		943745a96c004202dbc1a24e0214d391fec235f7b09901390c82f6b3c5862d69	2026-10-03
bor	package	bor	2026-09-29	active		eaf1f5148d4d65822c05721e2a7358ef8a89b01b205d2b981d15e5ea0b4f2a12	2026-09-29
botellus	package	botellus_2	2026-09-29	active		089f04bcb1ed3835ae9d861c8844443e41bddaa432c5bbb343b8eea4bf6f4774	2026-09-29
botom	package	botom	2026-09-29	active		9225471c5ddee00d4c93323a25164100751a26d137f17e2dfde5127008e9b304	2026-09-29
box	package	box	2026-09-29	active		cce8a77c5945b56ba0f1c6529d90a16025b9907b53b0ff6d5a6f829df51d2908	2026-10-03
boylle	package	boylle	2026-09-29	active		fa09cf6cc25a86318ed8526d709b6fe1a9f5ef73563f134cecbcb54042abc32e	2026-09-29
bullion	package	bullion	2026-09-29	active		44d663510580254604100048e500d947cdd49f672d6112c84741369b64aec3f0	2026-09-29
bunch	package	bunch	2026-09-29	active		a9fb984bd144e3d56a17a74fd0d4f20fd2e8f0ffb118cbef9ab0033ab1b68067	2026-10-03
bundle	package	bundle	2026-09-29	active		d1bf54616bbfcbd1a3b1560c564d90b67fefb0115949438947d8524832df74d1	2026-10-03
bunne	package	bunne	2026-09-29	active		1dddcc561d73ac77acfb805632c304883bf6ce6c9072b793379e81368920bd3b	2026-09-29
bush	package	bush	2026-09-29	active		a95a1d3a611a8b986d37addbeffbc17a221bde75888b0a97977f71d3e2a8b393	2026-09-29
cabase	package	cabase	2026-09-29	active		57eb6baf6fc544d46811d65f77c0534c62f8a630db09ff445d758d3dd341e833	2026-09-29
cabe	package	cabe	2026-09-29	active		3cba4c2b9516922b70c84a7a28fe4ae8385c7b318539ca062e9f7a4dbe77b093	2026-09-29
cade	package	cade	2026-09-29	active		ec5b7cdcc9167df57aa16a9f728287ffbbe8a9ef1924de3cabb7ff3d206f12fb	2026-10-03
cag	package	bor:cag	2026-09-29	active		693dc78c279e3e678e536e0d935528e5263613ce70741acee6e22d2b1a24951c	2026-09-29
cage	package	cage_2	2026-09-29	active		e93472901a7926c11effb365be24137809cebf9feb0c365e3108b58071f90e9f	2026-10-03
cake	package	cake_4	2026-09-29	active		0598f755b0711b2ba0e6b290645bcad8908c76bb85174f6b7ed738ccd800ecbd	2026-10-03
cark	package	cark	2026-09-29	active		5c5c8559041d799546935e6bfa14baef74bebd24bb5dbbb3843bbe89e118010b	2026-09-29
carta	package	carta	2026-09-29	active		ef08bb6a5364934896c0309b39da018ffaf4577fc58bcce104dd9e131da73136	2026-10-03
case	package	case	2026-09-29	active		9a4107f9ebed170d20ed04eb02a70bae57d2313cb3bc96e2e05c665c74b10c9f	2026-10-03
cavella	package	cavella	2026-09-29	active		816149f14f4c120f933335f95aafb4e028ab26576717a29469a5a541d7f8790c	2026-09-29
charge	package	charge	2026-09-29	active		80d2ef48ed8de49648f03e898659d0fa238c926804cca4c27684a5d6e7c3ed8f	2026-09-29
chest	package	chest	2026-09-29	active		2294bb82cb74923f4f81b3b7b8d4196583e8a29819d30c1e55dc6d476762c694	2026-10-03
clout	package	clout	2026-09-29	active		1d8480d4af1f03ad04fb7d2e5f91a72066f0bb894ec2b963607ae1dc62588ceb	2026-10-03
coffin	package	coffin	2026-09-29	active		4992bf7a8b87687783e4db4d7333af795dc63227793af45d9cf4f5edcee85e21	2026-10-03
corf	package	corf	2026-09-29	active		62c3fd3b9aca306c08534a8fe93aab676fb77fcd45405c0b70521a9f3bcbcab5	2026-10-03
counter	package	counter_2	2026-09-29	active		df54da57cac5155556fb7930a7d93a2c1e8d1be7c9cad52effff7eebe4d55cb3	2026-09-29
coveritalle	package	coveritalle	2026-09-29	active		4a55ca2a0954ec813b3c84299d7fb615348b2694fb5cee7df61d4a40dba8bd91	2026-09-29
cradle	package	cradle_2	2026-09-29	active		f14619283c6759823e968ded9ae0526dce9fdbb26cc57e96222aad30d2afeb96	2026-10-03
crop	package	crop_2	2026-09-29	active		6ff1c671993025b31863450983c4aaab5ae24eb6560b2860d14ab31c417329fe	2026-10-03
cueyne	package	cueyne	2026-09-29	active		819d48b90dbe0f2f8c011c1529bc4ad641421bb60220e18ec2703b67b3b43a88	2026-09-29
cup	package	cup	2026-09-29	active		eef4c4ff53e304e98690ccc02764427bde13c2e36048cd1e3f74335c8d5b7dff	2026-09-29
cupboard	package	cupboard_2	2026-09-29	active		aa6bc6e97667fb253c2ed62173ccfa76aa745b56d5a4422846d6446858962b7d	2026-10-03
cupla	package	cupla	2026-09-29	active		765cfd942de174eff533e461ef4bc76c10fc3bdc32045df90858ac02257fe408	2026-09-29
dry-vat	package	dry vat	2026-09-29	active		7435638980134242cefe86d3f67d3c0e6878777d0b00fbb9c03e722ab06d5886	2026-09-29
end	package	end	2026-09-29	active		3c7e3cf4babe9ed436acd55f074c185b1b1b0cc00517d4eb662d3a9eb1669eb3	2026-10-03
end-2	package	end_2	2026-09-29	active		b5b10efd2d0553feefa81a7736f0901d5c06c917a0855be7c218b9c97ba6f1ff	2026-10-03
face	package	face	2026-09-29	active		2fb96c329b6cf5da6d468eb9400dae95f1f8d588ef2ea7663cf8aa0b822a73ba	2026-09-29
faggot	package	faggot_2	2026-09-29	active		b8a95e26e07affb8012ac20c422bc05e9cd1cd42b119aa715318c4d4d7d6202f	2026-09-29
fagottus	package	fagottus	2026-09-29	active		c0e2bb4156cff739058f6550fe73bacb229f8390218646cf11aecdd48d96ad82	2026-10-03
fardel	package	fardel	2026-09-29	active		5f4206376dfdc73abc2397513dfc052090d2b6fdea2606dbd67858677957fdde	2026-10-03
fardelette	package	fardelette	2026-09-29	active		ff950f16525d0cceaae74fe6aa1ee536fb85e184e49260258746e98b0b814140	2026-09-29
flaskete	package	flaskete	2026-09-29	active		bfc658ad0b6332ecf16028e3291dd2089e5ce9e89e77699ddb979abb7ac9bb35	2026-10-03
flatte	package	flatte	2026-09-29	active		b71caa322e8ee9fe35746f6e540e64e0379adaaf35d1def4c44a7cef63f4fa5a	2026-09-29
foist	package	foist	2026-09-29	active		30e59eb3a71034a37f4f2a7dfacf2ae229034e8db5d42d59ea9a355c146e9367	2026-09-29
forcer	package	forcer_2	2026-09-29	active		2d1f9e31cbfd284602367de36df06081ec9ae5b7d0631d60603a74d5f8902234	2026-10-03
fraile	package	fraile	2026-09-29	active		21bde6b10e9606123be588a916671e8ad8f642d37e82d484f5105157b976658e	2026-10-03
fur	package	bor:fur	2026-09-29	active		376ac04a9aae70bf358d14b2e751cf430e7097c818b9c676071d741e1e8c6c70	2026-09-29
fustici	package	fustici	2026-09-29	active		b305a0fff4af4a3fe637e692e5279669b301277d77be82d4f6e54e1ed5c42c26	2026-09-29
garner	package	garner	2026-09-29	active		a59177f83c2b775523aa2208c62be72253aba26c6bb61cb57b8bff5e57d30bc0	2026-09-29
glass	package	glass (measure)	2026-09-29	active		8e1e54e63dfe45a66288ef69b76983f3893bb5edabcbeb2a9cd67fb7e817f516	2026-09-29
gourd	package	gourd	2026-09-29	active		29cacb10641589f423b87f9c9f9fc26182f7da7f1020557b429845b4e07bb757	2026-09-29
hamper	package	hamper	2026-09-29	active		3798aa8ab04f7e61f6801c48ebb78fd8846e01c7b69f2077cdc5a1e31b5d1e24	2026-10-03
hod	package	hod	2026-09-29	active		76925595e01417cd92f54139f22b34b5bed2e84bf7e765d9c3ea2288de94322b	2026-10-03
horsepack	package	horsepack	2026-09-29	active		f94aa7fbe70f31036f80cf107d3b1990eab5336337dc35e381f0aa517a6072ff	2026-09-29
inckle-rolle	package	inckle rolle	2026-09-29	active		7eef6ab27dbbdf9d208ebad7c8781208c0fb778a5597c82e79f8e390f6598ade	2026-09-29
jar	package	jar	2026-09-29	active		bd2bf56a535c32dfe4549f41ad203aae01789c7c595f55eb36b76f6a4a9fced8	2026-10-03
kassis	package	kassis	2026-09-29	active		6bc53cbae6c9b1a6d06b79737d0263ba59f85ced596e3ced3418b55a1747476d	2026-09-29
keeve	package	keeve	2026-09-29	active		6d4e20d1353a005849f8b5c70b137ca6fd1930d94b9d83edb66aea4f7ba24e07	2026-09-29
knot	package	knot	2026-09-29	active		c7b69600a4d801aede75649297c4b04ccecf408d7d8d624930dff093b871e015	2026-09-29
kyppe	package	kyppe	2026-09-29	active		d13cdc3188b34453f1ec2c0e10b7b16eab8245c9b74d1e723f35854587b49a5f	2026-09-29
last	package	last	2026-09-29	active		7b85aacd62926a70432ae1023bb556a20b3909fef2ed7d45ebc55ec6e229a560	2026-10-03
load	package	load	2026-09-29	active		652f25a4c6703d1f51296f80203b52e3141b2d2e0730756350bd7a8662cdd46f	2026-09-29
loaf	package	loaf	2026-09-29	active		0b1aca4e7b1c977f034823325d41403a42817bfa6efc0567cd1ca564130cc28b	2026-10-03
loke	package	loke_2	2026-09-29	active		a78fdfa5e8097cf199cb8e58c46c7793d29200bc4c07f40d0009fa99c6d94ae4	2026-09-29
mala	package	mala	2026-09-29	active		fa36eed4c06fd532c6e75867f9b2e60ae2cef37daa7b90a8d30b176a4da8b386	2026-10-03
mantica	package	mantica	2026-09-29	active		10ca8c13be7ff3b382e2650ef486adfdffa605dc41f09e757e422fb85fea6dca	2026-10-03
mase	package	mase	2026-09-29	active		cf3f31cafeecd143f569531462483d5e9eaa69373ba84e61231c4c799904a319	2026-09-29
masse	package	masse	2026-09-29	active		645d5f75a77cb3badf7b4d3a6cb21955b3386da1d4d1dfa54f018d00adc2f221	2026-09-29
maund	package	maund	2026-09-29	active		c36039b32700b629d94531b8f208961c9e1ea61ae53a2f6ea8c1cf950acab679	2026-10-03
measure	package	measure	2026-09-29	active		538811fd14278611ecfc35c60d039ac4d2d5170de1e3015759247f596cdd621f	2026-09-29
meyse	package	meyse	2026-09-29	active		55320fb28030804e3170e0d5a706d4c956f5d8b3893e5575fa4c643c2c0973f3	2026-09-29
midde	package	midde	2026-09-29	active		2f8a2facb18f423696a7b718283fea1fa9fefb93214024a279795cd119ac98ba	2026-09-29
mownt	package	mownt	2026-09-29	active		128e0e3747315ba57768c66fe590f5c4ff406c8a8657a8fb90ccd063c2bf99de	2026-09-29
pack	package	pack	2026-09-29	active		4fe3b60a983cdef390b069814608911e23650b352ad825578d107a420f56b61e	2026-10-03
packet	package	packet	2026-09-29	active		f63c1c1b095cab29957284d5d3a568da215cc9d5f506fa2496a74f7b737f392a	2026-09-29
palat-serici	package	palat serici	2026-09-29	active		190b3b08e33fd7f71515d1855d227245dbd7acadbe7cca249b6f70772b8b964b	2026-09-29
palette	package	palette	2026-09-29	active		25acce0f2dcb44b30f809aaee5d78e98b68fd1e29baf49692055b06b7ea2b26a	2026-09-29
panellus	package	panellus	2026-09-29	active		ecdd652f1f0bd524e792c717ea50db21ed90eb90562bac351fde5a2e97db84b9	2026-09-29
panier	package	panier	2026-09-29	active		6d12e88caa3951a81efb985d0bdf945b78786a2318f282ca210071e4918c808b	2026-10-03
panis	package	panis	2026-09-29	active		4b57ec41a36a81ef56fcc4e99a75572e3a96d8d7367b9644852f3fc22531ed71	2026-09-29
paper	package	paper (measure)	2026-09-29	active		1b36e058a04896a6e7d4d0775e428fe8b15315eac5dae3af3d53053d4aceed52	2026-10-03
parpes	package	parpes	2026-09-29	active		4ade535ed470b842e55531125839f404c8224a8bcdb5ddfaeea82fc14b1284c7	2026-09-29
pecia	package	pecia	2026-09-29	active		b787b58770ccd384ef684905cb3ec42cb804b01f7a7fe6cdbdfc2ea7e83e0155	2026-10-03
pichelo	package	pichelo	2026-09-29	active		a4aa6f326ecb56b2164a2f752a263e5222d9753ef25ca0fec005b794f05a9156	2026-09-29
pincherna	package	pincherna	2026-09-29	active		7138afd2f478d0ee33dee2ec460efc76180c1e709a94ae41c22ebf9a6bde5c94	2026-09-29
plica	package	plica	2026-09-29	active		357c1c4fedc93bb019b1979b44a5b3f2a3e043b5fd09a96609aae6a95fcec32c	2026-09-29
ployement	package	ployement	2026-09-29	active		c476bca2a45015c6686e9b64e03e7acb5ef2b8c8bb39afd04fec92a72fa35d97	2026-09-29
pocket	package	pocket	2026-09-29	active		9a49850a2c3ab53febd20642b34e5fe2afaba8dfa95b2671d4e3dced3de8021e	2026-10-03
poke	package	poke	2026-09-29	active		90179883688fadc563817b8ad7f70083b6c60d2623caead5c877662f56cd0f20	2026-10-03
post	package	post	2026-09-29	active		fbf189d846842124d39571908972efb87f5cbd04b4a6875d45f6b4abcefc6ef2	2026-10-03
pouch	package	pouch	2026-09-29	active		ddd62a3469d78e76a7d7263f22a80cf5a0a552930a00e8a4814a83bc74887568	2026-10-03
press	package	press	2026-09-29	active		759f4c2726f6c837b0c0bbec3a7ef5bd16bfce258b6a0155fd99d30723adc055	2026-09-29
puntellum	package	puntellum	2026-09-29	active		46ac3398fe2b6528a123f73d910bad66efbf1fbfcb196e6b9c447e266e8f4979	2026-09-29
purse	package	purse	2026-09-29	active		7db64f57ddbdc91b4201499efa5bd87884f6882349ba90e0b4e5ed07e557915f	2026-10-03
put	package	put’	2026-09-29	active		37078c1fdd788d3e5bf2b515dd8350e0d73d02432c92fd4c0ae8d66b72887a03	2026-09-29
quern	package	quern	2026-09-29	active		4a8b049ec54bbce1601b2c1960c51b3684ab291533d50cb406720845edc68e58	2026-09-29
ringe	package	ringe	2026-09-29	active		627eec1194365b4b2ec9df57dcbe2f1760e6655e511b0abe6a1f70c0699ed37f	2026-09-29
rip	package	rip	2026-09-29	active		d421190939046692536dbab2a2331aec9dc4b1af4328d10c78b9951d313ef357	2026-09-29
roll	package	roll	2026-09-29	active		2827a7e7ef34dc9acc6a2c6f35c1359221b5287680fdbfb59bede11362fa4455	2026-10-03
roundelle	package	roundelle	2026-09-29	active		cf35b95839ef97f34c106e15ddb5f2295442187426953bbd7bb20c16927201ed	2026-09-29
runlet	package	runlet	2026-09-29	active		43b943a21924a5363db492838e10c4f98aa88911d59756879ff8d88a13d6a7ba	2026-09-29
sackette	package	sackette	2026-09-29	active		115dd159afd9037cff7f3e0bae6ee9fc088a8f793ceadac119da9816934c6d7c	2026-09-29
sarpler	package	sarpler	2026-09-29	active		67dac8279d36fc9ae86dc578c5f909106b237a134674ec4629d95f8498d79eb7	2026-10-03
scatula	package	scatula	2026-09-29	active		bee9e5bc6fac6fd6fe16bed82b72651a355ed3d6019ea419783eee27a716f93a	2026-09-29
scoyse	package	scoyse	2026-09-29	active		803533a8743a5f661db85df95c20498b4ab37e69fd0f5d69c6f438eb84070334	2026-09-29
scutefatt	package	scutefatt	2026-09-29	active		ef17b533740890cd2a6f6f0171f3436312ba935dfcb6669ef049e2e057af2648	2026-09-29
seron	package	seron	2026-09-29	active		1bd27276eb26b0aa2bb2e16e92630824574d8fc20fea525a4f67cc1813aae6cd	2026-10-03
skein	package	skein	2026-09-29	active		28b2e620afde439f7fd737bc0a376cef37dd8e5505e2bff6251dab76d4e55963	2026-10-03
skope	package	skope	2026-09-29	active		e39782364507497458d97428c6260b292ad4efdfa1e592f863b71d20cedc5f9a	2026-09-29
slab	package	slab	2026-09-29	active		2fe5856dc1901a1ce4720a815edd527ebc1fac9f9d4b5d15e26122afa25d959e	2026-09-29
sort	package	sort	2026-09-29	active		536bd346177904ab6924473767f46b2d43901b47ca9954cd8c62f871bdf51362	2026-09-29
sortelet	package	sortelet	2026-09-29	active		4dcc1cbb2b7fd00413181f47fb07ca949836dc9574124f3577ebb58f97f8f345	2026-09-29
sport	package	sport	2026-09-29	active		7a8b686a0b22143a1a030d79e225ef0b0726dc2e76bb9db4c1e01df4caec4e19	2026-10-03
standard	package	bor:standard	2026-09-29	active		e4b30c88aa2d3fc9c8b083fb862ba6ab75d2d9932d9cfe8c1515c42567bef359	2026-09-29
steege	package	steege	2026-09-29	active		720df917b2fca016de08b67bf1b4cad9f747dcb3cc46ebbc7193103449d78c7e	2026-09-29
stike	package	stike	2026-09-29	active		1cd94a8599affdd5e5e0a0f60534fe645ec553a98c0c82ff509537c62806e0ca	2026-09-29
straw	package	straw (measure)	2026-09-29	active		dc1e5ad561b1db93ab121f42270499872c2023c567b3ce2aea23edeba63b7b08	2026-10-03
strike	package	strike	2026-09-29	active		aea94518e7cd5c8afcfc5f4364076f8e79a14669728ac324379ccbab9eb12356	2026-09-29
tale-2	package	tale_2	2026-09-29	active		b542d19f85d0761beb75b050fbdb52b86875d8cc26a32a9da317c20174b8a5b2	2026-09-29
tallia	package	tallia	2026-09-29	active		ab3cdbb6dda85e28fbeee9558a27ec76c8244a1c1836dfd4d9cc15c647199ce7	2026-10-03
tapnet	package	tapnet	2026-09-29	active		bbe963eb654283d9eda54ae8f9052c9345820d311865cd516f2f42ee61e11236	2026-09-29
terlinge	package	terlinge	2026-09-29	active		7b95950d1d9af3096c4438aa6b784987c22b53958a050c97d740a1268d16c6f7	2026-09-29
tick	package	tick_2	2026-09-29	active		7f34b9b6d0b9040a6cb5315465fa7fed89e68d19881ef41871478bb1e61ca786	2026-09-29
tonekyn	package	tonekyn	2026-09-29	active		119e45a632c9d72550d2503c069404b2c64300373ce17e63f5434a553cce728d	2026-09-29
tonnante	package	tonnante	2026-09-29	active		04a43f51868519eba9343ada5dbf8a0e8e6a53828c188d773188f1729528bd2c	2026-09-29
toppe	package	toppe	2026-09-29	active		4e46c1fcc0b4a05722d78416fde54c2325d455b20b698e0d7cdbe7100495abfc	2026-09-29
trendel	package	trendel	2026-09-29	active		ef69ab4194187b32583c96da2fdc42944f9c0079ba9a7cda6efca7ba94e2f2e0	2026-09-29
trunk	package	trunk_2	2026-09-29	active		1d05bab57d9d855aa664cbff4ddca3a3eb8c70189934c0d87ac9dc2f0ab8736a	2026-09-29
truss	package	truss	2026-09-29	active		1d78c53019beb328438d5426629b07fe44ba1e11af5e8d1407f218ebc9d59d0e	2026-10-03
trussing-chest	package	trussing chest	2026-09-29	active		1e20391cb146684cc250357b626847ebe874de9caeeec10614b8511632ee8271	2026-09-29
trussing-coffer	package	trussing coffer	2026-09-29	active		57cd61ab3c31a1b6368f5d737820d8cbac06a2dab2759c56d8b288578d3ea85b	2026-09-29
tub	package	tub	2026-09-29	active		76178c032521471fed8b68f4046408f097ca1d69e79bdcf601ea6efd7dac7642	2026-09-29
tufte	package	tufte	2026-09-29	active		95a2522998729555433a3eb590cfced48229499692cc15da8bf943a249b40b07	2026-09-29
vaile	package	vaile	2026-09-29	active		c86626dc21915317031c361399eba049fe2276a1fb227ad867a9579fadf6d3f1	2026-09-29
valise	package	valise	2026-09-29	active		daff6214d1f58fcd77719cb561aec2ea831ac5f6af3eb20da4a48b7c6aa49967	2026-09-29
vasa	package	vasa	2026-09-29	active		737fdc0e6675eddaa97ed50fc16555bd9e88a93249e91528606e8462c4d6ae18	2026-10-03
vat	package	vat	2026-09-29	active		663cd0a5d091b5116db7a5001ca07d41b782a0751ca96ef1ce4220084137dd8c	2026-10-03
wale	package	wale	2026-09-29	active		7c7c63875c99689c849f38c84818b13edf409f98e5398f20c0650a86d8848b9c	2026-09-29
wallet	package	wallet	2026-09-29	active		9b95aaec4a38e29f39a0abb9f02221a5ad19280362205ceb115d48c8278d4c9c	2026-09-29
wemme	package	wemme	2026-09-29	active		f7affdccf3b1f8fe055faf12a19833442b4d83dc60974eddb55b2b6753cd9b06	2026-09-29
werkbarellus	package	werkbarellus	2026-09-29	active		510b12b0427802a6dbf3c98b89e9fa57f0c95a6626d7b59d2f1504093ce2e9e3	2026-10-03
wisp	package	wisp	2026-09-29	active		6fda78635916525e1dd6d93dfc290b6ee6d0929ea5f972725d2f4262c4b1ec55	2026-09-29
wrapper	package	wrapper	2026-09-29	active		f1fa8d6973df70de9274a2acd2fb7838dd622e32364642f83a6459131a3b4c5d	2026-09-29
aum	volume	aum	2026-09-29	active		e9a96a446aa2856d46a3f08a1305348463c20c69344c9903575cb11626e52c3f	2026-10-03
barrel	volume	barrel	2026-09-29	active		f5ae3ece05a9db82b10279426b1fd6bb2d4e9f62833a185147a0a9bffc61f979	2026-10-03
bote	volume	bote	2026-09-29	active		be8c1de52f99ddc4bc1efd3db943d87e544f03c08475e56f4c7b1c84ac8bce88	2026-09-29
bushel	volume	bushel	2026-09-29	active		9af2c3c128a443cb4930bea0bfd80cb896706d1c3cb14671ae6fb50201884c10	2026-10-03
butt	volume	butt_2	2026-09-29	active		daaa733dd773cae3dae27b2c6bfef10f4cdbe9e664c3a231e70f988f5d18d742	2026-10-03
chalder	volume	chalder	2026-09-29	active		7eff53315bd69f4ff87efdc67130d02ed58de8259689052bd7524d6aa3263fa6	2026-10-03
eightendel	volume	eightendel	2026-09-29	active		473f1da78bdeeff6388fbdb0dbfe24299ddb97fb8075ceab6a60ce80acf2d1b4	2026-09-29
firkin	volume	firkin	2026-09-29	active		de44b5eea63f50f49f26261e676d5b8fbda87e5e4c1934cb6acf4d0935710d3b	2026-10-03
furthindell	volume	furthindell	2026-09-29	active		bec207219e24823ee572f9c9adbaf2d5c66632d6ea9669b07786d5e429327b5a	2026-09-29
gallon	volume	gallon	2026-09-29	active		63f5c9203463cca51611b6aae03d1bb333110a0f454b9a6f473d7867c8760c08	2026-09-29
hogshead	volume	hogshead	2026-09-29	active		6cde20106d7a11fc0cbf6b5a77465add669a8de35a6a366abe06368f08dacda1	2026-10-03
kilderkin	volume	kilderkin	2026-09-29	active		df6c4d2216b4c8d5474dbc9b5babd8593238b9e0e085d3cb7632fb70a870fff3	2026-10-03
malter	volume	malter	2026-09-29	active		a5b7594d2f7196c3ab9d936d1201a4c355489f87eee0466c73b4aee704c8fb2d	2026-09-29
mesane	volume	mesane	2026-09-29	active		092d5e9310ff5ee36a48d1c9aa7523d24b7f835e4707f63fc8cbc8374525e395	2026-09-29
moy	volume	moy	2026-09-29	active		f5f05e369c3bb82e08eca973bc68f9562c12a8bf97af5edaad32d185ec99f120	2026-09-29
muid	volume	muid	2026-09-29	active		e6019025c6acd1e819fc9624a7e9a9f49eaf4af4c86f142c158703716da8f743	2026-09-29
pint-pot	volume	pint pot	2026-09-29	active		65eba26c446a480322263ceadccb2fdb52447566d6ecd0bf5fa75358acf80ffc	2026-09-29
pipe	volume	pipe	2026-09-29	active		b749982609df910e32e2b7b0613a94f64bb162092656484d0452f74f6f3e8ea9	2026-10-03
pot	volume	pot (measure)	2026-09-29	active		18219bf393f3959a1d076e7d90cee14d3452c1f0f2be6f07e29609990e2fcdc2	2026-10-03
potelle	volume	potelle	2026-09-29	active		f7152a47241d7e2a748e82bc2ddb212a34767289f7da08d57733eaa9e7a2fd88	2026-09-29
puncheon	volume	puncheon	2026-09-29	active		38877c058535d162591a15c114cadc7e110d9fb1639a91fd0c5f548334071e3c	2026-10-03
quartellus	volume	quartellus	2026-09-29	active		d785e4ced48f01e777b9a94fb89a005ddb9d48949a911cbad0508963ce4bd09d	2026-09-29
quartellus-2	volume	quartellus_2	2026-09-29	active		29e89f502068a76d2b4ae7bf289ae8807c01a8f6ac9f35ac5719e6968f3860ec	2026-10-03
quarter	volume	quarter	2026-09-29	active		5af81c4c479c3759bdb7184f049615fe0836bf20244be5a8a1c3de9897475ca9	2026-10-03
raser	volume	raser	2026-09-29	active		661c927fde065372febdecc3b6740bc18e9e4f5f9c62da40753ee0167c1578ab	2026-09-29
roda	volume	roda	2026-09-29	active		5429793234be157f733b4239dd47c7faf3f3cd226f6bad63966e544b6888c7ad	2026-10-03
skipple	volume	skipple	2026-09-29	active		0ef482f02ab225ce66cd98c42e4cf823dbd0d6ce7c267dc9cf147cfbece77b7d	2026-10-03
stoop	volume	stoop (measure)	2026-09-29	active		bb2f40c2d97171dc6621d4a90cac350d2bd2fa913f278da0eaf5be6f22eae080	2026-09-29
stoppa	volume	stoppa	2026-09-29	active		35d3c90c14b2dec6806097bbc9598d9dd8e5fa41fba1246d013235e57eeffe52	2026-09-29
tierce	volume	tierce	2026-09-29	active		c20589aa51e877a76f52a38bf5ed43a2fd5395d6253974c3aa891b6870a0a30f	2026-10-03
tun	volume	tun	2026-09-29	active		ab21cfc34c67aad00279766f2b86f678c9fa0af8dd3a04a44f58b1f7fa74dafc	2026-10-03
