Canonical_Place	Merge_Into	Aliases
..		.., Alborough, Alborow, Alborowe, Alborowgh, Alburgh, Albury, Aldburgh, Aldeburgh, B, Biscay, Biscoy, Biskaya, Byscay, Byskay, Grace, Grone, Ley, Ley.., Not localized, not localized, Undurcroft, Unknown
[Venice]		[Venice]
Abarragh		Abarragh, Abbaragh
Aberdeen		Aberdeen, Aburden, Aburden in Scocia, Aburdyn in Scocia
Ablenese		Ablenese
Ailesford		Ailesford, Ailesforth, Alesford, Aylesford, Aylesforde, Aylesforth, Ayllesford
Alarada		Alarada, Laredo
Algare		Algare, Algir
Alkmaar		Alkmaar
Almannia		Almannia, Andeewarp, Andewarp, Andewarpe, Andewerpe, Andward, Andwarp, Andwarpe, Andwarpia, Andwarpp, Andwerp, Andwerpe, Andworp, Antwarpe, Antwerp, Anwarpe, Armew, Armewe, Armewth, Armuthe, Arnemoth, Arnemouth, Arnemowth, Arnemuiden, Arramew, Asshe, Bajona, Bayon, Bayona, Bayonne, Bentley, Bergen op Zoom, Bergh, Berwe up Sond, Berwick upon Tweed, Boston, Brecon, Brekelsey, Brekilsey, Brekylsey, Brickelsey, Bridgwater, Brightlingsea, Brikelsey, Brikilsey, Brikkelsey, Briklesse, Briklessey, Brikylsey, Bristol, Bristollia, Brykelsay, Brykelsee, Brykelsey, Brykelseye, Brykesley, Brykilsey, Brykkelsey, Brykkylsey, Bryklessey, Brykylsay, Brykylsey, Burdegala, Caen, Calais, Calecia, Cales, Calesia, Caleys, Calicia, Calis, Calisia, Callis, Cane, Cardigan, Castelond, Caudebek, Cawldebek, Chereborgh, Cinque Ports, Cleveland, Colayn,, Colcester, Colcestre, Colcestria, Colchester, Colchestre, Colchestur, Coleyn, Cologne, Colonia, consilio, Cornwall, Cosyche, Dansk, Danske, Dansske, Danzig, Dartmouth, Dartmowth, Deal, Dele, Dertmouth, Doncastre, Donwic, Donwyche, Dounwhich, Dounwych, Dunkerk, Dunkirk, Dunkyrk, Dunkyrke, Dunwich, Dunwiche, Dunwych, Dunwyche, Durham, Eborum, Ermoth, Ermothe, Ermouth, Ermuth, Ernemeuth, Ernemouth, Exeter, Faversham, Feveresham, Feveressham, Feversham, Flanders, Flandria, Flaundres, Flisschyng, Flisshing, Flisshyng, Flisshynge, Flissing, Flissyng, Flushing, Flusshyng, Flussyng, Flusyng, Flyshing, Flyshyng, Flysshing, Flysshing in Zelandia, Flysshyng, Flyssyng, Fowey, Fowy, Fowye, France, Gatall', George, Gouda, Gowe, Gravesend, Gravesende, Gravisende, Gravishende, Grimsby, Grymesby, Grymmesby, Grymmysby, Grymsby, Haddley, Hadleigh, Hadley, Hamburg, Hamburgh, Hampton, Hamton, Hamtun, Handewarpe, Hardwik, Hareflete, Harflete, Harlow, Hispania, Holand, Holandia, Holland, Housdowne in Holandia, Hull, Hulle, Hull’, Hunflett, Ireland, Italy, Kane, King's Lynn, Kings Lynn, Kingston upon Hull, King’s Lynn, Kyngesdon, la Ware, Lancaster, le Scluse, Lescluse, lEscluse, London, London', London,, London’, Lubik, Lyn, Lyne, Lynn, Lynne, lyse Jur', Lübeck, Malden, Maldon, Marrok, Maulden, Medylburgh, Middelborgh, Middelborough, Middelborowgh, Middelburg, Middelburgh, Middilburgh, Midelborough, Midelbourgh, Midelburgh, Morteyn, Mounferaunt, Myddelburgh, Naunte, Nauntt, Neuport, Neuwythe, New Hythe, Newebo, Newehith, Newehithe, Neweport, Newhide, Newhight, Newhith, Newhithe, Newhyth, Newhythe, Newhyve, Newport, Newport in Flandria, Newporte, Nieuwpoort, Nieuwport, Normandy, Oporto, Parys, Pasajes, Passage, Passagio, Passagy, patrono, Poole, Poorto, Port, Porte, Portingalia, Portingalle, Porto, Portugal, Portugalis, Portygal, Portygale, Portyngale, Ratcliff, Ratclyff, Ratclyffe, Rateclyffe, Redclyf, Redecliff, Richmond, Roan, Roand, Rochester, Rochestre, Rochestyr, Roen, Rone, Roon, Roone, Rothemago, Rothomago, Rouchester, Rouchestre, Rouen, Rowchester, Rutland, Sabastian, Sandewhich, Sandewich, Sandewiche, Sandewico, Sandewych, Sandewyche, Sandwich, Sandwiche, Sandwico, Sandwych, Sandwyche, Saundewych, Scleuse, Scluce, Scluse, Seint Severayn, Seynt Vincent, Shrewsbury, Skleuse, Sklewse, Slewis, Sluis, Sneythe, Sondwyche, Southampton, Southamptonia, Southwald, Spain, Spayne, Stafford, Stanby, Surrey, Suthamptonia, Tarrant Launceston, Tergowe, Thorphith, Torre, Tour, Toure, Tower, Tower of London, Towr, Tregowe, Turre, Turre London’, Vlissingen, Vlissyng, Wales, Walmere, Whitechapel, Wijk aan Zee, Wike, Wike aan Zee, Winchelse, Winchelsea, Wyk in Holandia, Wyke, Wyke in Holandia, Wyke up See, Wynchelse, Wynchelsey, Wynchelsse, Wynchylse, Yarmouth, Yermoth, Yermouth, Yermouthe, —
Amble		Amble
Amsterdam		Amsterdam
Andarowe		Andarowe, Andarro
Antiqua		Antiqua, Contes, Felsham, Ferrara, Not localizable, Pago, Trymley
Applesencia		Applesencia, Placencia, Placente, Placentia, Plasencia, Plesaunce
Aquitaine		Aquitaine
Aragosa		Aragosa, Aragusa, Arogustia, de Aragusa, Ragusa, Ragusa
Aramore		Aramore
Arenterea		Arenterea, Arentria, ByscoyeRenteria, Christoferus, la Renterea, la Renteria, Renderie, Rendre, Renterea, Renterea in Spain, Renteria, Renterian, Rentire, Rentorea, Rentria, Rentária
Armewthe		Armewthe
Armone		Armone
Arramoa		Arramoa
Arundel		Arundel, Arundell
Ash		Ash
Audierne		Audierne, Odierne, Oldierne
Avermew		Avermew
Awst		Awst
Ayleworthe		Ayleworthe
Barking		Barking, Barkyng, Berkyng
Barling		Barling, Berlyng
Barmeo		Barmeo, Barmewe, Bermeo, Vermeo, Vermew
Barough		Barough, Barow, Barowe, Barowgh, Bergen-op-Zoom, Borough
Bay		Bay, Bay of Bourgneuf, Baye, Baye of Bourgneuf
Begona		Begona
Begonia		Begonia
Beneflete		Beneflete, Benflet, Benflete, South Beneflete, South Benfleet, Southbeaneflete
Bereflete		Bereflete, Biervliet
Bilbao		Bilbao, Bilbaw, Bilbow, Bilbowe, Bylbow, Bylbowe
Birdux		Birdux, Bordeaux, Burdeux
Biske		Biske
Bitans		Bitans
Blakeney		Blakeney
Bole		Bole
Boleyn		Boleyn, Bollene, Boulogne, Bullene
Bologne		Bologne
Botston		Botston
Bourgneuf		Bourgneuf
Boyle		Boyle
Bradwell on Sea or Bradwell Waterside		Bradwell on Sea or Bradwell Waterside, Bradwelle
Brandlyn		Brandlyn
Brielle		Brielle
Brissard		Brissard
Brixham		Brixham
Bruges		Bruges, Brugges
Bullon		Bullon
Burdeos		Burdeos
Burneham		Burneham, Burnham, Burnham on Crouch
Cadez		Cadez, Cádiz
Cadiz		Cadiz, Kadis
Cale		Cale
Caleis		Caleis
Calys		Calys
Camena		Camena
Cameno		Cameno
Camfer		Camfer, la Veer, Veer, Veere
Caminha		Caminha, Camyna
Canyn		Canyn
Carmo		Carmo
Carrand		Carrand
Castro		Castro, Castrourdiales
Cathena		Cathena, la Cathena
Catro		Catro
Caudebec-en-Caux		Caudebec-en-Caux
Cesewell		Cesewell
Cherbourg		Cherbourg
Chester		Chester
Chestland		Chestland
Chichester		Chichester
Cohithe		Cohithe
Colmount		Colmount
Concepsion		Concepsion
Condy		Condy
Conquet		Conquet, Conquyt, Le Conquet
Corunna		Corunna, Groyne
Covehithe		Covehithe, Covehythe
Cracow		Cracow
Criste		Criste
Crosset		Crosset
Crowdon		Crowdon
Croydon		Croydon
Cuttevilla		Cuttevilla
Dartford		Dartford, Derteforth, Dertford, Dertforde
Dasto		Dasto
de London'		de London'
Debe		Debe, Deva, Deva in Biskaia, Deve, la Dewe
Delavair		Delavair
Denton		Denton, Luke
Depe		Depe, Dieppe, Dipe, Edgware
Depford		Depford, Deptford, Detford
Dersto		Dersto
Dewesto		Dewesto, Dewsto
Doncaster		Doncaster
Dondara		Dondara, Ondárroa, Undarra
Donkyrk		Donkyrk
Dordrecht		Dordrecht, Dordright, Dordryght, Durdraight, Durdraugh, Durdraught, Durdreight, Durdreyght, Durdright, van Derdroit
Dorth		Dorth
Douai		Douai, Dowet
Dover		Dover, Dovir, Dovorria, Dovyr
Dust		Dust
Earythe		Earythe, Erith, Eryth, Eyreth, F
East or West Malling		East or West Malling, Malling, Mallyng
Easton Bavents		Easton Bavents, Eston Bavent
Egmond		Egmond, Egmond in Holandia
Elysdyk		Elysdyk
Enkhuizen		Enkhuizen, Inkhous in Holandia
Eno Granso		Eno Granso
Ernemouthe		Ernemouthe
Eston		Eston
Falmouth		Falmouth
Feckham in Normandia		Feckham in Normandia, Fekham, Fécamp
Flissing in Selandia		Flissing in Selandia
Floure		Floure
Fobbing		Fobbing
Fonte Rabia		Fonte Rabia, Fonte Raby, Fonte Ravea, Fonte Revea, Fonteraby, Fonteravea, Founteraby, Fountrabi, Fountraby, Fuenterrabia, Gadalopo
Fuenterrabía		Fuenterrabía
Gadalope		Gadalope, Gadelope
Galicia		Galicia
Gardalupa		Gardalupa
Gardelupa		Gardelupa
Gatare		Gatare, Gettary, Guetaria
Gdańsk		Gdańsk
Gelyngham		Gelyngham, Gillingam, Gillingham, Gyllingham, Gyllyngham, Jellingham, Jyllyngham
Genesia		Genesia, Genua
Genoa		Genoa, Janua
Geronn'		Geronn', Gerrand, Gerrond, Guérande
Gippewico		Gippewico, Ipiswiche, Ippeswiche, Ipsewyche, Ipswich, Ipswiche, Jenighowe, Yppewich
Goes		Goes
Gotland		Gotland
Greenhithe		Greenhithe, Grenehithe, Grenehyth, Grenehythe
Guernsey		de Gernsey, Guernsey
Guetaría		Guetaría
Guipúscoa		Guipúscoa
Gylis		Gylis
Haarlem		Haarlem, Harlam, Herlam in Holandia
Halstowe		Halstowe, Lower Halstow
Harderwijk		Harderwijk
Hareflewe		Hareflewe, Harfleur, Harflew, Harflewe
Harewyche		Harewyche, Harwich, Harwiche, Harwych
Hastinges		Hastinges, Hastings, Hastyng, Hastynges, Hastyngs, Herslough
Hatfelde		Hatfelde
Hatfield Peverel		Hatfield Peverel
Henzina		Henzina, laHenzina
Herwych		Herwych
Herwyche		Herwyche
Hith		Hith, Hithe, Hyde, Hythe
Hogo		Hogo, la Hogo
Home port not named		Home port not named, MartyneMartin, MartynMartin
home port omitted		home port omitted
Honfleur		Honfleur
Hospital		Hospital
Houndfflete		Houndfflete, Houndflete
Hounflewe		Hounflewe
Hulbrege		Hulbrege, Hulbridge, Hulbrige, Hulbrydge, Hulbryge, Hullbridge, Hulle Brudge
Humflete		Humflete
Hunslewe		Hunslewe
Iken		Iken, Ikyn
Ile d’Oleron		Ile d’Oleron
Inda		Inda
Insula de Scapeia		Insula de Scapeia
Isle of Wight		Isle of Wight, Wyght
Jamys		Jamys
Jarowe		Jarowe, Jarrow
Jersey		Jersey, Jerssey
Jippeswich		Jippeswich
Jur'		Jur'
Kadys		Kadys
Kaliningrad		Kaliningrad
Kampen		Kampen
Kerteley		Kerteley
Keston		Keston
Kingswear		Kingswear, Kyngsware
Kirkeley		Kirkeley, Kirkley, Kyrkeley, Kyrteley, Kyrtley, Leura
Kyrteley see Kirkley		Kyrteley see Kirkley
Königsberg		Königsberg
Landernew		Landernew
Latud		Latud
Lee		Lee, Legh, Leghe, Leigh, Leighe, Ligh, Lye, Lygh, Lyghe
Leicester		Leicester
Leket		Leket
Lequeitio		Lequeitio, Lequeto
Lequet		Lequet
Lescudye		Lescudye
Lewe		Lewe
Lewystofte		Lewystofte
Leystof		Leystof, Leystoft, Leystofte, Lowestoft
Lincoln		Lincoln
Lincolnshire		Lincolnshire
Lisbon		Lisbon, Lushebourn, Lusshebon
Llandaff		Llandaff
Lothury		Lothury
Lotidero		Lotidero
Lotyd		Lotyd
Lotydew		Lotydew
Lotys		Lotys
Lucca		Lucca
Luce		Luce, St Jean de Luz
Luen		Luen
Lyce van Flysshyng		Lyce van Flysshyng
Lymost		Lymost
Lyon		Lyon, Lyons, St Pol de Léon
Maidestone		Maidestone, Maidstone, Maydeston, Maydestone, Maydstone
Manningtree		Manningtree, Manytre
March		March
Margate		Margate, Mergate
Markyng		Markyng
Marrotyk		Marrotyk, Montrego, Montryga, Motrico, Muttreco
Medway		Medway, Medwey
Melhale		Melhale
Mellyng		Mellyng
Meltin		Meltin
Melton		Melton, Melton Shore, Milton, Milton Regis, Milton Shore, Mylton, Mylton Shore
Mergeret		Mergeret
Mergret		Mergret
Milhall		Milhall, Milhalle
Milhawe		Milhawe
Montrose		Montrose, Scocia
Morbian		Morbian, Morbihan, Morbyan
Moreles		Moreles, Morlaix, Morles
Mores		Mores
Nantes		Nantes, Nauntes
Never		Never
Newcastell		Newcastell, Newcastelle, Newcastle upon Tyne, Newcastle-upon-Tyne, Novo Castro
Newcastle		Newcastle
Newcastle on Tyne		Newcastle on Tyne
Newe Haven		Newe Haven, Newhaven
Northampton		Northampton
Northeflete		Northeflete, Northflete
Notredam		Notredam
Nova Terra		Nova Terra
Oostende		Oostende, Ostend, Ostende, Ustende in Flandria
Orewell		Orewell, Orewell', Orwell, Orwelle
Orford		Orford, Ortfforde
Pacfeld		Pacfeld, Pakefeld, Pakefield
Padson		Padson
Paldavy		Paldavy, Poldavid, Poldavy, Pouldavid
Paris		Paris
Paulys		Paulys
Peasmarsh		Peasmarsh, Pesmarke
Pemsey		Pemsey
Penmark		Penmark, Penmarke
Pennorth		Pennorth
Pette		Pette, Petten, Pitte, Pitte in Holandia
Pety		Pety
Pirwyn		Pirwyn
Pisa		Pisa
Pitsea		Pitsea, Pytsey
Plymmoth		Plymmoth, Plymmothe, Plymmouth, Plymmowthe, Plymouth, Plymowthe
Polmaneke		Polmaneke
Portagaletta		Portagaletta, Portegalett, Portigalett, Portogalett, Portogalette, Portu Galetto, Portugaleta, Portugalete, Portygalet
Portingal		Portingal
Portismouth		Portismouth, Portsmouth
Poulesby		Poulesby
Primerende		Primerende, Purmerend
Prowe		Prowe
Prussia		Prussia
Putten		Putten
Quedas		Quedas
Queenborough		Queenborough, Queneborough, Quynborgh, Quynburgh
Queenborourgh		Queenborourgh, Queneburgh
Rainham		Rainham, Raynam, Rayneham, Raynham, Regham, Rengham, Reyneham, Reynham, Reynhame, Ryneham
Rebadow		Rebadow, Rebydavy, Ribadeo
Rede		la Rede, Rede
Redereth		Redereth, Rederithe, Rotherhithe, Rotherhythe
Reimerswaal		Reimerswaal, Remersale, Romersale, Romeswale
Religione		Religione
Remedio		Remedio, Remedis
Rocheford hundred		Rocheford hundred
Rotterdam		Rotterdam
Rye		Rye
Ryvelle		Ryvelle, Réville
Sainct Sebastian		Sainct Sebastian, Saint Sebastiano, San Sebastian, Sancto Sabestiano, Sancto Sebastiano, Seint Sebastian, Sent Sabastian, Sent Sebastian, Sisto
Salcot		Salcot, Salcote, Salcott, Saltcot
Saltash		Saltash, Saltasshe
Saltfleet Haven		Saltfleet Haven, Saltflete Haven
San Vicente de la Barquera		San Vicente de la Barquera
Sancta Ositha		Sancta Ositha, Sancto Ositho, Saynt Osy, Seint Osys, Sent Osiis, Sent Osys, Seynt Osy, St Osyth
Sancto Egidio		Sancto Egidio, Sancto Egidius
Saturday van Andewarp		Saturday van Andewarp
Savallo		Savallo
Scarborough		Scarborough, Scarburgh
Scheveningen		Scheveningen, Skevenyng in Holandia
Scotland		Scotland
Sealand		Sealand
Seint Osies		Seint Osies
Seint Tosez		Seint Tosez
Selandia		Selandia, Zealand, Zelandia
Selice		Selice, Serykese, Seryse, Zerikcee, Zierikzee
Sen Petyr		Sen Petyr
Sent Mary		Sent Mary
Seynt Andre		Seynt Andre
Seynt Malos		Seynt Malos, St Malo
Seynt Omers		Seynt Omers, St Omer
Shoreham		Shoreham
Sicester		Sicester
Sisewelle		Sisewelle, Siswelle, Sizewell, Sysewelle, Syswelle
Sluys		Sluys
Snaith		Snaith, Snayth, Snayth in comitatu Eborum
Snodland		Snodland, Snodlond
Sopeland		Sopeland
Soutamton		Soutamton
South Shoebury		South Shoebury
Southold		Southold, Southwold, Southwolde, Suthwolde
St. Albans		St. Albans
St. Asaph		St. Asaph
St. David's		St. David's
Steelyard		Steelyard, Steleyerd, Stileyerd, Styleyerd
Steleerd		Steleerd
Strait of Gibraltar		Strait of Gibraltar
Straits of Gibraltar		nave propria,7 last tall cum aliis £20 3s 4d, nave propria,pro7 last tall cum aliis £20 3s 4d, Straits of Gibraltar
Strictus de Marock		Strictus de Marock
Strictus de Marrok		Strictus de Marrok
Strode		Strode, Strood
Summaya		Summaya, Summaya in Spain, Zumaya
Tassell' in Holandia		Tassell' in Holandia
Terre and Bred		Terre and Bred
Tesselle		Tesselle, Tesselle in Holandia, Texel
Thorow the Water		Thorow the Water
Thorp		Thorp, Thorpe
Thorpehight		Thorpehight
Tiel		Tiel
Tilbury		Tilbury
Tolen		Tolen, Tolle, Tolle in Zelandia, Tolne
Tolson		Tolson
Topsham		Topsham
Totehylle		Totehylle
Tuke		Tuke
Tynemouth		Tynemouth, Tynmouthe
van Donkyrk		van Donkyrk
Vawe		la Vawe, Vawe
Venecia		Venecia, Venesia, Venetia, Venice, Venicia, Venyce
Veres		Veres
Vewe		la Vewe, Vewe
Viana		Viana, Viana do Castello, Viano, Vyana
Victoria		Victoria, Vitoria
Vila do Conde		Vila do Conde, Villa Cunda, Villa Decondo
Villa Franca		Villa Franca
Vlissingen in Zealand		Vlissingen in Zealand
Wakeryng		Wakeryng
Walbersewek		Walbersewek, Walberswick, Walberswik, Walberswyk, Walberswyke, Walbourswyk, Walbourswyke, Walbreswyke, Westende
Walmer		Walmer
Walravonshire		Walravonshire
Walton		Walton, Walton possibly West Walton
West Thurrock		West Thurrock, West Thurrok
Westcable in Zelandia		Westcable in Zelandia, Westkapelle
Westenschouwen		Westenschouwen, Westenscowe, Westenscowe in Zelandia, Westonscowe
Westminster		Westminster
Westmorland		Westmorland
Westscowe		Westscowe, Worcester
Weymoth		Weymoth
Weymothe		Weymothe, Weymouth
Whitby		Whitby, Whytby
Willesden		Willesden, Willesdon, Willisdon
Windsor		Windsor
Wivenhoe		Wivenhoe, Wyvenho
Wiveton		Wiveton, Wyfeton
Wodbruge		Wodbruge
Wodbryg		Wodbryg, Wodbrygge
Wolwich		Wolwich, Wolwych, Woolwich
Woodbridge		Woodbridge
Wyk		Wyk
Wyskyne		Wyskyne
York		York, Yorke
